{
    "N": 179,
    "fs": 10,
    "param_truth": [0.273408, 11.5602, 2.45652, 7.90959, -0.44353, -0.249098],
    "param_guess": [
        0.5,
        17.06,
        12.0,
        2.17,
        0.1,
        0.6
    ],
    "param_scale": [1,1,1,1,1,1],
    "n_steps_per_sample": 10,
    "initial_condition": [
        0.891,
        -0.008,
        0.008,
        0.504822
    ]
}
